id,criterion,depth,leaves,splitter,testscore_day1,testscore_day10,testscore_day11,testscore_day12,testscore_day13,testscore_day2,testscore_day3,testscore_day4,testscore_day5,testscore_day6,testscore_day7,testscore_day8,testscore_day9,train_score
0,gini,46,20000,best,0.48995092511177063,0.5369521975517273,0.4844107925891876,0.9999966025352478,0.5766990780830383,0.4799710214138031,0.4849531352519989,0.6110836267471313,0.509067952632904,0.5199583768844604,0.48170337080955505,0.4826829433441162,0.54069584608078,0.9999966025352478
1,gini,51,38719,random,0.5090776681900024,0.548838198184967,0.45616036653518677,0.9999966025352478,0.543817400932312,0.5207334756851196,0.5233921408653259,0.5851890444755554,0.5216529965400696,0.5348039865493774,0.5282208919525146,0.533939778804779,0.5585031509399414,0.9999966025352478
2,entropy,46,18505,best,0.5890539884567261,0.6040292978286743,0.48346301913261414,0.9999966025352478,0.5626857876777649,0.5915182828903198,0.5921584963798523,0.6181963086128235,0.582979679107666,0.5784940123558044,0.599190354347229,0.6066491007804871,0.6165172457695007,0.9999966025352478
3,entropy,50,37826,random,0.5556100606918335,0.5848382711410522,0.48084312677383423,0.9999966025352478,0.5649542212486267,0.564635694026947,0.5611913204193115,0.5971766114234924,0.5730125904083252,0.5602376461029053,0.5723690390586853,0.5777252316474915,0.5960330963134766,0.9999966025352478
4,log_loss,47,18504,best,0.5814418792724609,0.6021047830581665,0.48167580366134644,0.9999966025352478,0.5645580887794495,0.5870237350463867,0.5872664451599121,0.6175801753997803,0.580856204032898,0.5776404738426208,0.5957412123680115,0.6029201745986938,0.6148691773414612,0.9999966025352478
5,log_loss,52,36476,random,0.4694939851760864,0.54232257604599,0.4629640281200409,0.9999966025352478,0.54413902759552,0.4790497422218323,0.47824305295944214,0.5910626649856567,0.5188860297203064,0.49180495738983154,0.48728156089782715,0.4931720793247223,0.5484556555747986,0.9999966025352478
